{"qobj_id":"5bb141ca-982a-4a1d-a546-c586cd9e8863","header":{"backend_name":"simulator_mps","backend_version":"0.1.547"},"config":{"shots":1024,"memory":false,"parameter_binds":[],"meas_level":2,"init_qubits":true,"memory_slots":3,"n_qubits":3,"method":"matrix_product_state"},"schema_version":"1.3.0","type":"QASM","experiments":[{"config":{"n_qubits":3,"memory_slots":3},"header":{"qubit_labels":[["q",0],["q",1],["q",2]],"n_qubits":3,"qreg_sizes":[["q",3]],"clbit_labels":[["c",0],["c",1],["c",2]],"memory_slots":3,"creg_sizes":[["c",3]],"name":"circuit-88","global_phase":0.0,"metadata":{}},"instructions":[{"name":"h","qubits":[0]},{"name":"h","qubits":[1]},{"name":"h","qubits":[2]},{"name":"barrier","qubits":[0,1,2]},{"name":"cz","qubits":[0,2]},{"name":"cz","qubits":[1,2]},{"name":"barrier","qubits":[0,1,2]},{"name":"u2","params":[0.0,0.0],"qubits":[0]},{"name":"u2","params":[0.0,0.0],"qubits":[1]},{"name":"u2","params":[0.0,0.0],"qubits":[2]},{"name":"barrier","qubits":[0,1,2]},{"name":"h","qubits":[2]},{"name":"ccx","qubits":[0,1,2]},{"name":"h","qubits":[2]},{"name":"barrier","qubits":[0,1,2]},{"name":"u2","params":[-3.141592653589793,-3.141592653589793],"qubits":[0]},{"name":"u2","params":[-3.141592653589793,-3.141592653589793],"qubits":[1]},{"name":"u2","params":[-3.141592653589793,-3.141592653589793],"qubits":[2]},{"name":"barrier","qubits":[0,1,2]},{"name":"measure","qubits":[0],"memory":[0]},{"name":"measure","qubits":[1],"memory":[1]},{"name":"measure","qubits":[2],"memory":[2]}]}]}