{"backend_name": "simulator_mps", "backend_version": "0.11.0", "date": "2023-02-18T10:32:29.339589", "header": {"backend_name": "simulator_mps", "backend_version": "0.1.547"}, "job_id": "63f0a93b80412570d0a28216", "metadata": {"max_gpu_memory_mb": 0, "max_memory_mb": 386782, "mpi_rank": 0, "num_mpi_processes": 1, "num_processes_per_experiments": 1, "omp_enabled": true, "parallel_experiments": 1, "time_taken": 0.012091232, "time_taken_execute": 0.011880695, "time_taken_load_qobj": 0.000200189}, "qobj_id": "5bb141ca-982a-4a1d-a546-c586cd9e8863", "results": [{"data": {"counts": {"0x5": 527, "0x6": 497}}, "header": {"clbit_labels": [["c", 0], ["c", 1], ["c", 2]], "creg_sizes": [["c", 3]], "global_phase": 0.0, "memory_slots": 3, "metadata": {}, "n_qubits": 3, "name": "circuit-88", "qreg_sizes": [["q", 3]], "qubit_labels": [["q", 0], ["q", 1], ["q", 2]]}, "metadata": {"active_input_qubits": [0, 1, 2], "batched_shots_optimization": false, "device": "CPU", "fusion": {"enabled": false}, "input_qubit_map": [[2, 2], [1, 1], [0, 0]], "matrix_product_state_max_bond_dimension": 18446744073709551615, "matrix_product_state_sample_measure_algorithm": 3, "matrix_product_state_truncation_threshold": 1e-16, "measure_sampling": true, "method": "matrix_product_state", "noise": "ideal", "num_clbits": 3, "num_qubits": 3, "parallel_shots": 1, "parallel_state_update": 16, "remapped_qubits": false, "sample_measure_time": 0.009727253}, "seed_simulator": 3217446444, "shots": 1024, "status": "DONE", "success": true, "time_taken": 0.011853207}], "status": "COMPLETED", "success": true, "time_taken": 0.012091232}