{"qobj_id":"54c675cc-ffac-4346-8f9b-df051c5a3530","header":{"backend_name":"ibmq_quito","backend_version":"1.1.38"},"config":{"shots":1024,"memory":false,"parameter_binds":[],"meas_level":2,"init_qubits":true,"memory_slots":3,"n_qubits":5},"schema_version":"1.3.0","type":"QASM","experiments":[{"config":{"n_qubits":5,"memory_slots":3},"header":{"qubit_labels":[["q",0],["q",1],["q",2],["q",3],["q",4]],"n_qubits":5,"qreg_sizes":[["q",5]],"clbit_labels":[["c",0],["c",1],["c",2]],"memory_slots":3,"creg_sizes":[["c",3]],"name":"circuit-161","global_phase":5.890486225480862,"metadata":{}},"instructions":[{"name":"rz","params":[1.5707963267948966],"qubits":[0]},{"name":"sx","qubits":[0]},{"name":"rz","params":[1.5707963267948966],"qubits":[0]},{"name":"rz","params":[1.5707963267948966],"qubits":[1]},{"name":"sx","qubits":[1]},{"name":"rz","params":[1.5707963267948966],"qubits":[1]},{"name":"rz","params":[1.5707963267948966],"qubits":[2]},{"name":"sx","qubits":[2]},{"name":"rz","params":[1.5707963267948966],"qubits":[2]},{"name":"barrier","qubits":[0,1,2]},{"name":"cx","qubits":[0,1]},{"name":"cx","qubits":[1,0]},{"name":"cx","qubits":[0,1]},{"name":"rz","params":[1.5707963267948966],"qubits":[1]},{"name":"sx","qubits":[1]},{"name":"rz","params":[1.5707963267948966],"qubits":[1]},{"name":"cx","qubits":[2,1]},{"name":"cx","qubits":[0,1]},{"name":"rz","params":[1.5707963267948966],"qubits":[1]},{"name":"sx","qubits":[1]},{"name":"rz","params":[1.5707963267948966],"qubits":[1]},{"name":"barrier","qubits":[1,0,2]},{"name":"rz","params":[-1.5707963267948968],"qubits":[0]},{"name":"sx","qubits":[0]},{"name":"rz","params":[1.5707963267948966],"qubits":[0]},{"name":"rz","params":[-1.5707963267948968],"qubits":[1]},{"name":"sx","qubits":[1]},{"name":"rz","params":[1.5707963267948966],"qubits":[1]},{"name":"rz","params":[-1.5707963267948968],"qubits":[2]},{"name":"sx","qubits":[2]},{"name":"rz","params":[1.5707963267948966],"qubits":[2]},{"name":"barrier","qubits":[1,0,2]},{"name":"cx","qubits":[0,1]},{"name":"rz","params":[-0.7853981633974483],"qubits":[1]},{"name":"cx","qubits":[2,1]},{"name":"rz","params":[0.7853981633974483],"qubits":[1]},{"name":"cx","qubits":[0,1]},{"name":"rz","params":[0.7853981633974483],"qubits":[0]},{"name":"rz","params":[-0.7853981633974483],"qubits":[1]},{"name":"cx","qubits":[2,1]},{"name":"cx","qubits":[0,1]},{"name":"cx","qubits":[1,0]},{"name":"cx","qubits":[0,1]},{"name":"rz","params":[0.7853981633974492],"qubits":[0]},{"name":"cx","qubits":[2,1]},{"name":"rz","params":[-0.7853981633974483],"qubits":[1]},{"name":"rz","params":[0.7853981633974483],"qubits":[2]},{"name":"cx","qubits":[2,1]},{"name":"barrier","qubits":[0,1,2]},{"name":"rz","params":[1.5707963267948966],"qubits":[0]},{"name":"sx","qubits":[0]},{"name":"rz","params":[-1.5707963267948966],"qubits":[0]},{"name":"rz","params":[1.5707963267948966],"qubits":[1]},{"name":"sx","qubits":[1]},{"name":"rz","params":[-1.5707963267948966],"qubits":[1]},{"name":"rz","params":[1.5707963267948966],"qubits":[2]},{"name":"sx","qubits":[2]},{"name":"rz","params":[-1.5707963267948966],"qubits":[2]},{"name":"barrier","qubits":[0,1,4,2,3]},{"name":"measure","qubits":[2],"memory":[0]},{"name":"measure","qubits":[1],"memory":[1]},{"name":"measure","qubits":[0],"memory":[2]}]}]}