{"backend_name": "ibmq_quito", "backend_version": "1.1.38", "qobj_id": "54c675cc-ffac-4346-8f9b-df051c5a3530", "job_id": "63f0a8ef61719718a3896173", "date": "2023-02-18T10:40:55Z", "success": true, "status": "Successful completion", "execution_id": "b73b3b4c-af78-11ed-a715-b02628f7f59e", "time_taken": 2.623839855194092, "header": {"backend_name": "ibmq_quito", "backend_version": "1.1.38"}, "results": [{"shots": 1024, "success": true, "status": "done", "seed": null, "meas_level": 2, "meas_return": null, "header": {"qubit_labels": [["q", 0], ["q", 1], ["q", 2], ["q", 3], ["q", 4]], "n_qubits": 5, "qreg_sizes": [["q", 5]], "clbit_labels": [["c", 0], ["c", 1], ["c", 2]], "memory_slots": 3, "creg_sizes": [["c", 3]], "name": "circuit-161", "global_phase": 5.890486225480862, "metadata": {}}, "data": {"counts": {"0x0": 24, "0x1": 51, "0x2": 53, "0x3": 32, "0x4": 69, "0x5": 387, "0x6": 355, "0x7": 53}, "snapshots": null, "memory": null, "statevector": null, "unitary": null}}], "error": null}