{
  "id": "cfqtelopvdjqfgq0avmg",
  "hub": "ibm-q",
  "group": "open",
  "project": "main",
  "backend": "simulator_mps",
  "state": {
    "status": "Completed"
  },
  "params": {
    "shots": 1024,
    "circuits": [
      "OPENQASM 2.0;\ninclude \"qelib1.inc\";\n\nqreg q[4];\ncreg c[2];\ncreg c0[2];\nreset q[0];\nreset q[1];\nreset q[2];\nreset q[3];\nh q[1];\nh q[0];\nbarrier q[0], q[1], q[2], q[3];\ncx q[0], q[2];\ncx q[0], q[3];\ncx q[1], q[2];\ncx q[1], q[3];\nbarrier q[0], q[1], q[2], q[3];\nh q[0];\nh q[1];\nbarrier q[0], q[1], q[2], q[3];\nmeasure q[2] -> c[0];\nmeasure q[3] -> c[1];\nbarrier q[0], q[1], q[2], q[3];\nmeasure q[0] -> c0[0];\nmeasure q[1] -> c0[1];"
    ]
  },
  "program": {
    "id": "circuit-runner"
  },
  "created": "2023-02-22T08:50:31.737314Z",
  "tags": [
    "composer-info:composer:true",
    "composer-info:code-id:930d9b902ef5e2bf8765ba84f4776e7f1de90886680f62a909abf7a4fad20e9e",
    "composer-info:code-version-id:63f5d60e61719745e5897439"
  ],
  "cost": 3600,
  "status": "Completed"
}