{"backend_name": "simulator_mps", "backend_version": "0.11.0", "date": "2023-02-20T15:15:42.273478", "header": {"backend_name": "simulator_mps", "backend_version": "0.1.547"}, "job_id": "63f38e9b8041254ba7a28cfa", "metadata": {"max_gpu_memory_mb": 0, "max_memory_mb": 386782, "mpi_rank": 0, "num_mpi_processes": 1, "num_processes_per_experiments": 1, "omp_enabled": true, "parallel_experiments": 1, "time_taken": 0.006697869, "time_taken_execute": 0.006502801, "time_taken_load_qobj": 0.000184706}, "qobj_id": "cca04d23-71dc-4436-8122-6d85eeb0fca2", "results": [{"data": {"counts": {"0x7": 1024}}, "header": {"clbit_labels": [["c", 0], ["c", 1], ["c", 2]], "creg_sizes": [["c", 3]], "global_phase": 0.0, "memory_slots": 3, "metadata": {}, "n_qubits": 4, "name": "circuit-503", "qreg_sizes": [["q", 4]], "qubit_labels": [["q", 0], ["q", 1], ["q", 2], ["q", 3]]}, "metadata": {"active_input_qubits": [0, 1, 2, 3], "batched_shots_optimization": false, "device": "CPU", "fusion": {"enabled": false}, "input_qubit_map": [[3, 3], [2, 2], [1, 1], [0, 0]], "matrix_product_state_max_bond_dimension": 18446744073709551615, "matrix_product_state_sample_measure_algorithm": 3, "matrix_product_state_truncation_threshold": 1e-16, "measure_sampling": true, "method": "matrix_product_state", "noise": "ideal", "num_clbits": 3, "num_qubits": 4, "parallel_shots": 1, "parallel_state_update": 16, "remapped_qubits": false, "sample_measure_time": 0.004568799}, "seed_simulator": 689182567, "shots": 1024, "status": "DONE", "success": true, "time_taken": 0.006480634}], "status": "COMPLETED", "success": true, "time_taken": 0.006697869}