{"qobj_id":"cca04d23-71dc-4436-8122-6d85eeb0fca2","header":{"backend_name":"simulator_mps","backend_version":"0.1.547"},"config":{"shots":1024,"memory":false,"parameter_binds":[],"meas_level":2,"init_qubits":true,"memory_slots":3,"n_qubits":4,"method":"matrix_product_state"},"schema_version":"1.3.0","type":"QASM","experiments":[{"config":{"n_qubits":4,"memory_slots":3},"header":{"qubit_labels":[["q",0],["q",1],["q",2],["q",3]],"n_qubits":4,"qreg_sizes":[["q",4]],"clbit_labels":[["c",0],["c",1],["c",2]],"memory_slots":3,"creg_sizes":[["c",3]],"name":"circuit-503","global_phase":0.0,"metadata":{}},"instructions":[{"name":"h","qubits":[0]},{"name":"h","qubits":[1]},{"name":"h","qubits":[2]},{"name":"u2","params":[-3.141592653589793,-3.141592653589793],"qubits":[3]},{"name":"barrier","qubits":[0,1,2,3]},{"name":"x","qubits":[1]},{"name":"barrier","qubits":[0,1,2,3]},{"name":"cx","qubits":[0,3]},{"name":"cx","qubits":[1,3]},{"name":"cx","qubits":[2,3]},{"name":"barrier","qubits":[0,1,2,3]},{"name":"x","qubits":[1]},{"name":"barrier","qubits":[0,1,2,3]},{"name":"h","qubits":[0]},{"name":"h","qubits":[1]},{"name":"h","qubits":[2]},{"name":"barrier","qubits":[0,1,2,3]},{"name":"measure","qubits":[0],"memory":[0]},{"name":"measure","qubits":[1],"memory":[1]},{"name":"measure","qubits":[2],"memory":[2]}]}]}