{
  "id": "cfqtjejlcn34i20gpo1g",
  "hub": "ibm-q",
  "group": "open",
  "project": "main",
  "backend": "ibmq_lima",
  "state": {
    "status": "Completed"
  },
  "params": {
    "shots": 1024,
    "circuits": [
      "OPENQASM 2.0;\ninclude \"qelib1.inc\";\n\nqreg q[4];\ncreg c[2];\ncreg c0[2];\nreset q[0];\nreset q[1];\nreset q[2];\nreset q[3];\nh q[0];\nh q[1];\nbarrier q[0], q[1], q[2], q[3];\ncx q[0], q[2];\ncx q[0], q[3];\ncx q[1], q[2];\ncx q[1], q[3];\nbarrier q[0], q[1], q[2], q[3];\nh q[0];\nh q[1];\nbarrier q[0], q[1], q[2], q[3];\nmeasure q[2] -> c0[0];\nmeasure q[3] -> c0[1];\nbarrier q[0], q[1], q[2], q[3];\nmeasure q[0] -> c[0];\nmeasure q[1] -> c[1];"
    ]
  },
  "program": {
    "id": "circuit-runner"
  },
  "created": "2023-02-22T09:00:42.422094Z",
  "tags": [
    "composer-info:composer:true",
    "composer-info:code-id:25bf3cbd30aac66935fe5e15c2a5b5d4b5deff7e49c3b5f1287f3092b53c7e6c",
    "composer-info:code-version-id:63f5d93d83564e269592029c"
  ],
  "cost": 14400,
  "status": "Completed"
}