{"qobj_id":"f6da07c5-21c2-404e-a686-fd70f6aacd3e","header":{"backend_name":"ibmq_lima","backend_version":"1.0.45"},"config":{"shots":1024,"memory":false,"parameter_binds":[],"meas_level":2,"init_qubits":true,"memory_slots":3,"n_qubits":5},"schema_version":"1.3.0","type":"QASM","experiments":[{"config":{"n_qubits":5,"memory_slots":3},"header":{"qubit_labels":[["q",0],["q",1],["q",2],["q",3],["q",4]],"n_qubits":5,"qreg_sizes":[["q",5]],"clbit_labels":[["c",0],["c",1],["c",2]],"memory_slots":3,"creg_sizes":[["c",3]],"name":"circuit-342","global_phase":3.9269908169872423,"metadata":{}},"instructions":[{"name":"rz","params":[1.5707963267948966],"qubits":[0]},{"name":"sx","qubits":[0]},{"name":"rz","params":[1.5707963267948966],"qubits":[0]},{"name":"rz","params":[1.5707963267948966],"qubits":[1]},{"name":"sx","qubits":[1]},{"name":"rz","params":[-1.5707963267948966],"qubits":[1]},{"name":"rz","params":[1.5707963267948966],"qubits":[2]},{"name":"sx","qubits":[2]},{"name":"rz","params":[1.5707963267948966],"qubits":[2]},{"name":"rz","params":[1.5707963267948966],"qubits":[3]},{"name":"sx","qubits":[3]},{"name":"rz","params":[1.5707963267948966],"qubits":[3]},{"name":"barrier","qubits":[3,2,0,1]},{"name":"x","qubits":[2]},{"name":"barrier","qubits":[3,2,0,1]},{"name":"cx","qubits":[3,1]},{"name":"cx","qubits":[2,1]},{"name":"cx","qubits":[0,1]},{"name":"barrier","qubits":[3,2,0,1]},{"name":"x","qubits":[2]},{"name":"barrier","qubits":[3,2,0,1]},{"name":"rz","params":[1.5707963267948966],"qubits":[0]},{"name":"sx","qubits":[0]},{"name":"rz","params":[1.5707963267948966],"qubits":[0]},{"name":"rz","params":[1.5707963267948966],"qubits":[2]},{"name":"sx","qubits":[2]},{"name":"rz","params":[1.5707963267948966],"qubits":[2]},{"name":"rz","params":[1.5707963267948966],"qubits":[3]},{"name":"sx","qubits":[3]},{"name":"rz","params":[1.5707963267948966],"qubits":[3]},{"name":"barrier","qubits":[3,2,0,1]},{"name":"measure","qubits":[3],"memory":[0]},{"name":"measure","qubits":[2],"memory":[1]},{"name":"measure","qubits":[0],"memory":[2]}]}]}