{"backend_name": "ibmq_lima", "backend_version": "1.0.45", "qobj_id": "f6da07c5-21c2-404e-a686-fd70f6aacd3e", "job_id": "63f38ee363ecbd0b16a49ba3", "date": "2023-02-20T15:18:44Z", "success": true, "status": "Successful completion", "execution_id": "dbfcd8e0-b131-11ed-b87b-b02628f7f59e", "time_taken": 2.5402116775512695, "header": {"backend_name": "ibmq_lima", "backend_version": "1.0.45"}, "results": [{"shots": 1024, "success": true, "status": "done", "seed": null, "meas_level": 2, "meas_return": null, "header": {"qubit_labels": [["q", 0], ["q", 1], ["q", 2], ["q", 3], ["q", 4]], "n_qubits": 5, "qreg_sizes": [["q", 5]], "clbit_labels": [["c", 0], ["c", 1], ["c", 2]], "memory_slots": 3, "creg_sizes": [["c", 3]], "name": "circuit-342", "global_phase": 3.9269908169872423, "metadata": {}}, "data": {"counts": {"0x0": 5, "0x1": 5, "0x2": 10, "0x3": 93, "0x4": 4, "0x5": 39, "0x6": 45, "0x7": 823}, "snapshots": null, "memory": null, "statevector": null, "unitary": null}}], "error": null}